time,x,y,z
1506456471.452,0.08085735456552356,0.47866326849907637,0.0
1506456473.012,0.6219234478776343,0.8589247791096568,0.0
1506456474.603,1.3175566111458465,1.0866690911352634,0.0
1506456476.189,1.8905837711063214,0.9284606240689754,0.0
1506456477.742,1.7451160216587596,0.9302964583039284,0.0
1506456479.316,1.4952939812210388,1.1616597259417176,0.0
1506456480.893,2.2060427786200307,1.1123997075483203,0.0
1506456482.483,1.9298614343279041,0.9665565965697169,0.0
1506456484.06,2.279385752917733,0.03777365665882826,0.0
1506456515.177,7.54446967644617,-5.644380623474717,0.0
1506456516.75,-8.678388650121633,2.618401998654008,0.0
1506456518.265,7.860463749035262,-5.973734884522855,0.0
1506456519.855,8.897686955460813,-6.2690945426002145,0.0
1506456521.459,8.418369065620936,-6.130989954806864,0.0
1506456523.04,8.382963210984599,-6.547091257758439,0.0
1506456524.613,8.128086422453634,-6.467662799172103,0.0
1506456526.191,8.884974192362279,-6.964339780621231,0.0
1506456527.781,7.5180553815444,-5.924027552828193,0.0
1506456529.357,8.172327870794106,-6.821973294951022,0.0
1506456530.935,8.832952177559491,-7.049128990620375,0.0
1506456532.51,8.244927176914643,-6.994176957756281,0.0
1506456534.087,8.420860624115448,-7.204124472104013,0.0
1506456535.658,8.418615953822155,-7.353813377209008,0.0
1506456537.237,8.245926353498362,-7.091726726852357,0.0
1506456538.811,8.204570864269044,-6.926963496021926,0.0
1506456540.402,8.331368721614126,-6.8580379178747535,0.0
1506456541.976,8.725995551096275,-7.2109767915681005,0.0
1506456543.556,8.244427130499389,-7.498611643910408,0.0
1506456545.126,6.845893335877918,-6.783453797921538,0.0
1506456546.719,6.831602827936877,-6.771405172534287,0.0
1506456572.879,7.5097285839146934,-7.9695470137521625,0.0
1506456574.456,7.436743223341182,-7.759653671644628,0.0
1506456576.049,7.288410376117099,-7.662504379637539,0.0
1506456577.639,7.507534816046245,-8.400829047895968,0.0
1506456579.246,5.99185685737757,-11.278853197582066,0.0
1506456580.838,6.447668100357987,-10.320757026784122,0.0
1506456582.47,7.241462995239999,-9.349221234209836,0.0
1506456584.038,7.946090606215876,-9.354198868386447,0.0
1506456585.614,7.828826500102878,-10.538315028883517,0.0
1506456587.189,7.063064540270716,-13.232384634204209,0.0
1506456588.785,-8.678388650121633,2.618401998654008,0.0
1506456599.736,8.200409823213704,-13.159760008566082,0.0
1506456601.332,8.288521033071447,-14.754185309633613,0.0
1506456602.934,8.630797842692118,-15.620959042571485,0.0
1506456604.541,8.427286661288235,-15.30043035838753,0.0
1506456606.148,8.89933843840845,-15.74348437320441,0.0
1506456607.723,7.925794010050595,-15.671417051926255,0.0
1506456609.333,8.04071580764139,-16.01059131231159,0.0
1506456610.938,8.179253921669442,-17.08787553291768,0.0
1506456612.546,8.13114417460747,-16.724735564552248,0.0
1506456614.153,7.832854660635348,-16.92512816656381,0.0
1506456615.76,7.791580230521504,-17.229317313060164,0.0
1506456617.367,8.216740621603094,-17.797018873505294,0.0
1506456618.985,8.437841337407008,-17.62180690933019,0.0
1506456620.566,8.710944788297638,-17.72876458708197,0.0
1506456622.141,9.37459847831633,-17.79070244077593,0.0
1506456623.733,8.657598321849946,-17.499823261983693,0.0
1506456625.324,8.739529247221071,-18.122037733905017,0.0
1506456626.913,8.921208220475819,-18.339686857536435,0.0
1506456628.508,9.186775909911375,-18.079763079993427,0.0
1506456630.128,9.218785861332435,-18.438633411191404,0.0
1506456631.736,9.202551349590067,-18.88225426338613,0.0
1506456633.344,9.257158598687965,-18.68103174585849,0.0
1506456634.952,8.812142847513314,-19.217735392041504,0.0
1506456636.557,8.73316162073752,-19.528962573967874,0.0
1506456653.454,9.255770929448772,-19.191018712706864,0.0
1506456655.065,10.415438246971462,-20.74453529715538,0.0
1506456656.656,14.269862104440108,-16.229491664096713,0.0
1506456658.249,11.510490722837858,-18.57147819828242,0.0
1506456659.841,7.2355894793290645,-21.777095686644316,0.0
1506456666.143,9.965931129409,-23.793455032631755,0.0
1506456667.733,11.180395852716174,-23.688998971134424,0.0
1506456669.36,11.255772758508101,-24.31682377215475,0.0
1506456670.983,10.97724034928251,-27.46044363360852,0.0
1506456672.606,7.744545228721108,-27.85164473298937,0.0
1506456674.213,7.921035900129937,-29.130312054418027,0.0
1506456685.511,9.792137034994084,-29.417130476795137,0.0
1506456687.136,9.438997383287642,-31.08591950405389,0.0
1506456688.742,11.703903394925874,-29.15586633235216,0.0
1506456690.35,10.39979006833164,-31.480730730108917,0.0
1506456691.942,10.391367206233554,-32.68701344449073,0.0
1506456693.55,10.62836641917238,-32.86529369466007,0.0
1506456695.157,10.645580833137501,-32.88618146721274,0.0
1506456696.764,10.44971188303316,-32.75847721192986,0.0
1506456698.385,11.27221938763978,-33.02277718205005,0.0
1506456704.301,11.446792416740209,-32.45447589550167,0.0
1506456705.92,11.871344270650297,-33.23947656620294,0.0
1506456707.53,11.662592777225655,-33.23718015383929,0.0
1506456709.17,11.688747926673386,-32.84002041723579,0.0
1506456710.786,11.493347914190963,-33.12694136612117,0.0
1506456712.381,11.903078216710128,-33.20256652869284,0.0
1506456713.987,11.990949579223525,-33.75931063480675,0.0
1506456715.607,12.576880529697519,-33.241119244135916,0.0
1506456717.216,13.647958639543504,-33.15365296974778,0.0
1506456718.841,13.03380868025124,-33.2220269376412,0.0
1506456720.445,12.207052447251044,-34.75597863737494,0.0
1506456722.07,12.124721242988016,-35.29340194538236,0.0
1506456723.705,11.972991411283147,-35.510031500831246,0.0
1506456725.313,11.756795399880502,-36.717333692125976,0.0
1506456726.937,12.214955002360512,-37.095120574347675,0.0
1506456728.547,13.2681891467073,-36.09542922768742,0.0
1506456730.181,15.022285952407401,-34.456636858172715,0.0
1506456731.79,15.708064516133163,-34.18908345978707,0.0
1506456733.415,19.0091992446105,-31.62758243549615,0.0
1506456735.019,19.760678497550543,-31.68862143997103,0.0
1506456736.66,19.69499262823956,-33.75911833439022,0.0
1506456747.471,18.10011844697874,-32.31648718751967,0.0
1506456749.076,20.038521884416696,-31.98178177513182,0.0
1506456750.701,20.492159732151777,-32.56360443029553,0.0
1506456752.339,22.4896851083613,-31.63849941920489,0.0
1506456753.962,23.48169349663658,-30.746973960660398,0.0
1506456755.569,23.67858405300649,-30.97444527130574,0.0
1506456757.193,23.960952400579117,-30.418343900702894,0.0
1506456758.836,23.11968308017822,-31.642025087960064,0.0
1506456760.454,22.222543364332523,-32.574707177467644,0.0
1506456762.059,21.087604969216045,-32.97435340285301,0.0
1506456763.681,20.376174377801362,-33.50380733888596,0.0
1506456765.319,20.284270003263373,-34.21316724922508,0.0
1506456766.972,19.70088701561326,-35.256825748831034,0.0
1506456768.582,17.903051331522875,-36.959257539361715,0.0
1506456770.185,17.84428257291438,-37.03081217315048,0.0
1506456771.811,17.341091186157428,-38.61909862887114,0.0
1506456773.431,19.004463700053748,-38.35816256236285,0.0
1506456775.054,20.35668619768694,-37.96405117865652,0.0
1506456776.662,21.96035899221897,-38.69817387405783,0.0
1506456778.304,22.07317183917621,-37.17153481580317,0.0
1506456779.922,26.66722726036096,-35.24978176411241,0.0
1506456781.544,23.509456514322665,-35.210059721022844,0.0
1506456783.186,24.07205617649015,-34.99587431922555,0.0
1506456784.811,23.630812840128783,-35.25537959858775,0.0
1506456786.431,24.805538251705002,-35.42073073703796,0.0
1506456788.05,24.38308226672234,-35.57804903015494,0.0
1506456789.67,23.99048202391714,-35.23839247599244,0.0
1506456791.311,24.409002435975708,-35.526786300353706,0.0
1506456792.934,23.92244065448176,-35.78786432091147,0.0
1506456794.557,24.881520982948132,-36.38446623738855,0.0
1506456796.186,24.445673553622328,-36.525292127393186,0.0
1506456797.817,24.092891673150007,-36.384782331995666,0.0
1506456799.455,24.613407484081108,-36.02690522093326,0.0
1506456801.076,25.27762878849171,-35.59106051456183,0.0
1506456802.701,25.429774195770733,-36.61388238798827,0.0
1506456804.323,25.677624222123995,-35.45392773579806,0.0
1506456805.946,27.947408585285302,-35.198977830819786,0.0
1506456807.552,27.84241516207112,-36.567001706920564,0.0
1506456809.177,25.699287695693783,-37.938160012476146,0.0
1506456810.797,24.922925261838827,-37.384032228030264,0.0
1506456812.431,25.8357586946222,-36.784889192320406,0.0
1506456814.044,26.596476132108364,-36.36468588933349,0.0
1506456815.667,25.886266573972534,-36.73670057114214,0.0
1506456817.302,24.585092727211304,-38.79546026233584,0.0
1506456818.926,26.01979598001344,-35.849532613530755,0.0
1506456820.566,23.722754838934634,-39.898515838198364,0.0
1506456822.184,26.349453851173166,-35.668774738907814,0.0
1506456823.808,25.784753114625346,-39.182283410802484,0.0
1506456825.503,24.627971201436594,-41.50674575101584,0.0
1506456827.147,25.62696081661852,-38.80696301255375,0.0
1506456828.787,26.181988997210283,-38.31458752974868,0.0
1506456830.425,29.021293950325344,-36.21568624023348,0.0
1506456832.078,27.851717082667165,-34.339655973017216,0.0
1506456833.72,26.359063914511353,-38.82052955310792,0.0
1506456835.336,24.296879686007742,-39.70305922534317,0.0
1506456836.974,24.316560081380885,-38.8580767409876,0.0
1506456838.614,25.883468296320643,-37.201247872784734,0.0
1506456840.249,25.32074043096509,-38.04846586659551,0.0
1506456841.889,26.039031865424477,-36.52892971690744,0.0
1506456843.53,24.944946461357176,-36.67538805305958,0.0
1506456845.167,25.546002854185645,-36.988519807346165,0.0
1506456846.793,26.57479028904345,-35.35383159760386,0.0
1506456848.41,26.165877577848732,-35.35801929794252,0.0
1506456850.033,26.310902048426215,-35.31662318203598,0.0
1506456851.655,27.011680767813232,-34.39260420110077,0.0
1506456853.282,27.31840843183454,-34.370616191998124,0.0
1506456854.901,28.426249686337542,-33.26172088459134,0.0
1506456856.524,28.68121024564607,-32.15047350805253,0.0
1506456873.327,36.07673832727596,-26.55594823602587,0.0
1506456874.946,35.15436546545243,-28.713930658064783,0.0
1506456876.588,34.430597682483494,-26.009617722593248,0.0
1506456878.211,35.10877131280722,-27.397337588481605,0.0
1506456884.139,33.61867640278069,-28.900386498309672,0.0
1506456885.76,33.89751798956422,-28.829904257319868,0.0
1506456936.457,35.21975907823071,-26.153419729322195,0.0
1506456942.45,34.69738622533623,-27.529043431393802,0.0
1506456944.102,52.808509638067335,-40.438809304498136,0.0
1506456949.966,30.359001350589097,-27.948189445771277,0.0
1506456955.975,33.97582020511618,-27.437763816677034,0.0
1506456957.596,31.485071525443345,-27.78920918982476,0.0
1506456963.505,32.18730039393995,-27.652307563461363,0.0
1506456965.142,32.209029649267904,-27.28401777986437,0.0
1506456966.767,34.385313974984456,-26.936901413835585,0.0
1506456968.376,33.42634511651704,-26.90459335502237,0.0
1506456970.0,33.43253612628905,-27.32470312807709,0.0
1506456971.618,32.20296052668709,-28.443713546730578,0.0
1506456973.258,34.378231745096855,-27.628763008862734,0.0
1506456974.881,33.43608001957182,-27.57854455895722,0.0
1506456976.518,32.675755874835886,-27.207176936790347,0.0
1506456978.153,34.28379926859634,-25.047716003842652,0.0
1506456979.794,32.87560862279497,-24.86479905527085,0.0
1506456981.415,34.636582866252866,-24.17382389958948,0.0
1506456987.328,34.50301006279187,-23.02775311563164,0.0
1506456988.967,36.90454481553752,-19.866829018108547,0.0
1506456990.603,35.67598642531084,-19.79404450301081,0.0
1506456992.227,34.665338881197385,-21.632534974254668,0.0
1506456993.863,33.558249639114365,-23.09175089467317,0.0
1506456995.485,32.77765631576767,-23.87689851410687,0.0
1506456997.109,31.340642343682703,-24.291831922717392,0.0
1506456998.732,33.49326860625297,-24.585749459452927,0.0
1506457000.366,32.6990219457075,-24.406523291952908,0.0
1506457001.974,32.560425824369304,-23.96892258618027,0.0
1506457003.597,32.55896581558045,-23.641889818012714,0.0
1506457005.235,32.147258401615545,-23.926590871997178,0.0
1506457006.873,29.829113200423308,-22.318417297676206,0.0
1506457008.512,33.00718065752881,-24.985401703976095,0.0
1506457010.134,39.6318535071332,-25.645938782952726,0.0
1506457011.755,37.55658829532331,-23.86787240114063,0.0
1506457013.394,35.172041887417436,-24.168340698815882,0.0
1506457015.003,35.055779409303796,-23.790377623401582,0.0
1506457016.622,36.556053493055515,-24.388090557418764,0.0
1506457018.245,34.79065580299357,-23.540323453955352,0.0
1506457019.851,35.06049432628788,-23.605187074281275,0.0
1506457021.485,35.13888162863441,-23.420350746251643,0.0
1506457023.114,34.60188536409987,-22.999024702236056,0.0
1506457024.765,33.80648035730701,-22.245536689646542,0.0
1506457026.373,33.9853504904313,-22.373415461741388,0.0
1506457028.011,33.95466077391757,-22.512309273704886,0.0
1506457029.634,34.53591481078183,-22.090618467889726,0.0
1506457031.252,34.2361855218187,-22.058211401104927,0.0
1506457032.876,33.62535125494469,-21.897062425501645,0.0
1506457034.512,33.622838172421325,-21.836113162338734,0.0
1506457036.175,34.06755810871255,-21.82379865180701,0.0
1506457037.803,33.33178944251267,-21.360162699595094,0.0
1506457039.444,33.019331406161655,-21.19152374844998,0.0
1506457041.064,33.04744908498833,-21.078154905699193,0.0
1506457042.673,32.741717340715695,-20.828516631387174,0.0
1506457044.291,32.73366288817488,-20.779819111339748,0.0
1506457045.931,32.93544336530613,-21.115886884741485,0.0
1506457047.551,32.707683694548905,-20.917556053958833,0.0
1506457049.159,32.35159369936446,-20.638500296510756,0.0
1506457050.78,32.41359962854767,-20.329664428718388,0.0
1506457052.439,32.007360514078755,-20.318303586915135,0.0
1506457054.068,31.324785178876482,-19.79203941579908,0.0
1506457055.681,31.69507004634943,-19.797116602770984,0.0
1506457057.319,31.331088792707305,-19.300848965533078,0.0
1506457058.955,30.69123283191584,-18.980353723280132,0.0
1506457060.578,31.02175574254943,-18.330634000711143,0.0
1506457062.197,31.266469496360514,-17.04876167792827,0.0
1506457063.804,31.09395192656666,-17.72568787354976,0.0
1506457065.427,31.36585714877583,-18.453494763933122,0.0
1506457067.065,28.874900184047874,-17.401409218087792,0.0
1506457068.702,31.485202187031973,-18.39462352078408,0.0
1506457070.329,33.249203176179435,-17.261271280236542,0.0
1506457071.969,30.51049063989194,-17.655166937969625,0.0
1506457073.587,31.38565709249815,-18.357949276454747,0.0
1506457075.209,31.924587883695494,-18.78368989750743,0.0
1506457076.819,31.102502032590564,-18.468386656604707,0.0
1506457083.133,30.166986526804976,-17.775091444142163,0.0
1506457093.553,29.401926169579383,-17.494680723175406,0.0
1506457095.158,29.25730952230515,-17.11479080002755,0.0
1506457096.767,29.286519121786114,-17.015823039226234,0.0
1506457098.404,28.894356794073246,-16.903432252816856,0.0
1506457104.987,-8.678388650121633,2.618401998654008,0.0
1506457106.55,-8.678388650121633,2.618401998654008,0.0
1506457108.105,-8.678388650121633,2.618401998654008,0.0
1506457109.651,28.41026107693324,-16.759832496754825,0.0
1506457111.289,29.062493522942532,-16.721002683974802,0.0
1506457117.186,28.243345474125817,-16.78482320997864,0.0
1506457118.79,28.447974938200787,-16.93793672695756,0.0
1506457120.413,28.23269841755973,-16.667416791431606,0.0
1506457122.019,28.285061101953033,-16.615883282385767,0.0
1506457127.916,27.653091864543967,-16.696633812971413,0.0
1506457129.527,27.808586964500137,-17.032066858373582,0.0
1506457131.133,27.704855017538648,-16.494331899099052,0.0
1506457132.752,28.513468024961185,-16.877399663440883,0.0
1506457134.378,27.589882716711145,-16.887966581620276,0.0
1506457140.287,27.627991779183503,-17.196885851211846,0.0
1506457141.895,26.164759477600455,-16.25068301614374,0.0
1506457143.513,25.530341596575454,-15.4467669473961,0.0
1506457145.121,24.64608135522576,-15.331655488349497,0.0
1506457146.726,24.084013338026125,-15.136748551391065,0.0
1506457148.334,24.14175762340892,-14.59625127632171,0.0
1506457149.94,23.72330659261206,-14.222491730935872,0.0
1506457151.53,23.095855994790327,-13.730031264014542,0.0
1506457153.16,22.997679441119544,-13.550328995101154,0.0
1506457159.683,20.90865385188954,-12.734703122638166,0.0
1506457161.289,20.11872332688654,-12.33148914668709,0.0
1506457162.915,20.0321073323139,-11.620631686411798,0.0
1506457168.786,17.293950727325864,-10.501236504875124,0.0
1506457185.522,12.245633960526902,-9.660489623434842,0.0
1506457187.103,11.84670357342111,-9.440631064586341,0.0
1506457188.689,-8.678388650121633,2.618401998654008,0.0
1506457190.249,11.974736958625726,-8.016939206980169,0.0
1506457196.562,10.069369990378618,-7.335796662606299,0.0
1506457202.942,8.987431095913053,-8.115163570269942,0.0
1506457227.796,8.802319535519928,-0.831101200543344,0.0
1506457233.804,9.344196676567663,2.3285195706412196,0.0
1506457245.227,8.303891679563094,2.7402545576915145,0.0
1506457251.215,8.472643000946846,2.401631654240191,0.0
1506457257.646,9.430640850623604,3.1098849968984723,0.0
1506457278.08,9.06593105517095,3.6770971566438675,0.0
1506457279.691,10.207621443492826,3.6023173546418548,0.0
1506457290.559,7.88074901024811,4.586234560236335,0.0
1506457292.12,8.11373167077545,4.8923873053863645,0.0
1506457293.697,7.634634889254812,5.2854805095121264,0.0
1506457295.303,7.27394435351016,5.460276496596634,0.0
1506457296.875,7.012930016207974,5.862255262210965,0.0
1506457298.451,7.306611870822962,6.05151429772377,0.0
1506457300.029,6.930820694309659,6.133030145429075,0.0
1506457301.639,6.389506639679894,6.422382829710841,0.0
1506457303.225,5.640549079224002,6.421363145112991,0.0
1506457304.8,5.179730051953811,6.505333903245628,0.0
1506457306.39,5.320309582340997,6.704111134633422,0.0
1506457307.981,4.695413243141957,6.485960767604411,0.0
1506457309.543,4.118223934026901,6.220627662725747,0.0
1506457311.098,4.273508275160566,6.090290521271527,0.0
1506457312.679,3.8055031519033946,5.861552145332098,0.0
1506457314.233,3.396495995402802,5.774214894510806,0.0
1506457315.843,3.123253681405913,5.8024578439071774,0.0
1506457317.411,3.3874081036192365,5.9237877195701,0.0
1506457318.977,3.207880222762469,5.654767410829663,0.0
1506457320.554,2.1629074423690327,5.415684408508241,0.0
1506457322.144,1.4250609630253166,5.159791850484908,0.0
1506457323.729,1.5282589988200925,5.135350308381021,0.0
1506457325.312,1.2075991794699803,4.905903844162822,0.0
1506457326.897,0.24766377813648432,4.571240342222154,0.0
1506457328.504,-0.31103903806069866,4.160864972509444,0.0
1506457330.062,-0.20470508781727403,3.9224887415766716,0.0
1506457331.624,-0.86419100407511,3.6696159718558192,0.0
1506457333.2,-1.4449417648138478,3.3831819677725434,0.0
1506457334.759,-1.9165292179677635,3.2275766264647245,0.0
1506457336.318,-1.2363863241043873,3.21569696161896,0.0
1506457337.878,-1.3210488663753495,3.2746960762888193,0.0
1506457339.454,-1.9161412554676645,3.2819037856534123,0.0
1506457341.011,-2.252887500100769,3.1476351553574204,0.0
1506457342.59,-1.9869239446124993,3.27674416359514,0.0
1506457344.18,-2.117234431731049,3.366317487321794,0.0
1506457345.739,-2.503557590127457,3.6461710212752223,0.0
1506457347.314,-2.5429980769986287,3.9927702052518725,0.0
1506457348.904,-3.1484826373052783,4.922256899066269,0.0
1506457354.756,-4.748236893326975,5.180811031721532,0.0
1506457356.316,-5.446311701030936,5.191398135386407,0.0
1506457357.874,-6.169373624376021,5.151840581558645,0.0
1506457359.464,-6.841895368008409,5.065129349939525,0.0
1506457361.04,-6.942966537550092,5.619520817883313,0.0
1506457362.613,-7.572440483607352,5.202876868657768,0.0
1506457368.479,-8.614059748244472,5.37402259465307,0.0
1506457370.055,-8.685608770232648,5.167083241976798,0.0
1506457371.643,-8.721141159127,5.2243683291599154,0.0
1506457373.193,-8.803185017488431,5.949684718623757,0.0
1506457374.734,-9.176693761430215,5.808387433178723,0.0
1506457380.587,-11.201158295327332,6.498283782042563,0.0
1506457382.147,-11.245458470657468,6.212910374626517,0.0
1506457383.726,-12.152246253332123,6.498517955653369,0.0
1506457385.287,-12.298361410037614,6.563539237715304,0.0
1506457386.859,-12.418923447199631,6.5312622943893075,0.0
1506457388.421,-12.42523522808915,6.686406736262143,0.0
1506457390.015,-12.467433265876025,6.841183534823358,0.0
1506457391.572,-12.79869317257544,6.8167257737368345,0.0
1506457393.131,-13.163247146003414,7.276401044800878,0.0
1506457394.692,-13.692388976283837,7.483838289044797,0.0
1506457396.305,-13.700595553673338,7.91612243745476,0.0
1506457397.86,-14.083313832757995,8.120625200681388,0.0
1506457399.421,-14.885653507430106,8.905080379918218,0.0
1506457419.772,-8.678388650121633,2.618401998654008,0.0
1506457425.761,-20.321318023605272,8.280660317279398,0.0
1506457427.352,-20.383160146593582,8.140338517725468,0.0
1506457428.964,-21.52815075853141,7.615308768115938,0.0
1506457430.52,-22.83238061121665,6.869137333706021,0.0
1506457432.081,-22.167141810816247,6.283941279165447,0.0
1506457433.658,-22.874713905970566,6.484006731770933,0.0
1506457435.233,-22.811240912997164,6.83387755881995,0.0
1506457436.824,-23.07832800556207,5.616075440309942,0.0
1506457438.416,-24.54237098566955,4.981347288005054,0.0
1506457440.009,-22.933698942069896,5.78828729595989,0.0
1506457445.859,-24.06859927152982,3.264488992281258,0.0
1506457451.863,-24.738341615709942,-0.4119600048288703,0.0
1506457453.425,-24.65841014997568,0.2673445204272866,0.0
1506457455.0,-24.815455255215056,0.5695018516853452,0.0
1506457456.581,-25.417528620106168,-0.40118075627833605,0.0
1506457458.185,-25.654281612543855,-1.6297585340216756,0.0
1506457464.455,-25.257200698542874,-3.51258940808475,0.0
1506457466.047,-25.73847641964676,-4.013081103563309,0.0
1506457467.627,-26.16801430011401,-4.4010704243555665,0.0
1506457469.271,-26.62872762430925,-4.14304409082979,0.0
1506457470.855,-8.678388650121633,2.618401998654008,0.0
1506457472.367,-25.962834111240227,-5.621794229373336,0.0
1506457497.338,-28.373925949970726,-12.180802603252232,0.0
1506457498.942,-29.29800665914081,-11.22132274042815,0.0
1506457500.536,-29.632100683171302,-10.6926004672423,0.0
1506457502.126,-30.182894375699107,-11.782490727491677,0.0
1506457503.736,-30.26756506896345,-12.183576107956469,0.0
1506457505.356,-30.427895942353643,-13.035543191246688,0.0
1506457506.951,-30.868577546440065,-13.073317763395607,0.0
1506457508.572,-30.81461028609192,-13.63927807006985,0.0
1506457510.165,-30.980759822530672,-14.75294301752001,0.0
1506457511.757,-30.688995429780334,-16.127988683991134,0.0
1506457513.35,-31.26300066296244,-15.96646617166698,0.0
1506457514.942,-30.957705295470078,-15.89681973028928,0.0
1506457516.547,-30.09921815962298,-17.46006984077394,0.0
1506457518.138,-30.563826936122496,-17.467047753743827,0.0
1506457519.733,-30.636478791420814,-17.013251191936433,0.0
1506457521.322,-8.678388650121633,2.618401998654008,0.0
1506457522.886,-29.80535914207576,-18.11780620459467,0.0
1506457524.488,-30.810879427590407,-17.598181041888893,0.0
1506457526.084,-30.975784352922346,-18.464607288129628,0.0
1506457527.672,-30.225191321165767,-17.885968438349664,0.0
1506457529.289,-30.781276007706765,-18.36727149132639,0.0
1506457530.871,-30.948866630205885,-17.312458069063723,0.0
1506457532.463,-31.454011616297066,-19.723375485278666,0.0
1506457538.75,-32.67001377424458,-17.926540627144277,0.0
1506457540.387,-33.905211819685064,-16.837212744168937,0.0
1506457541.979,-34.7247297668946,-16.588406608439982,0.0
1506457543.602,-35.094161370943766,-16.574453989975154,0.0
1506457545.228,-35.798610003781505,-16.771249369718134,0.0
1506457546.85,-36.67713038477814,-16.294668852351606,0.0
1506457548.44,-36.36905362532707,-16.588626550510526,0.0
1506457550.033,-37.355603847128805,-16.53776090685278,0.0
1506457551.656,-37.697841750399675,-16.504682898521423,0.0
1506457553.265,-38.42783484363463,-17.43454901780933,0.0
1506457554.857,-38.15659223974217,-17.267691287212074,0.0
1506457556.461,-38.19372431078227,-17.60731459222734,0.0
1506457558.068,-38.988291624875274,-16.751828896813095,0.0
1506457559.69,-38.43514356279047,-16.99782109167427,0.0
1506457561.305,-38.932907657756004,-16.995161408558488,0.0
1506457562.935,-38.93794238200644,-17.333347165957093,0.0
1506457564.559,-37.16985112457769,-18.811888397671282,0.0
1506457566.166,-38.80709733685944,-18.12024697382003,0.0
1506457567.77,-38.24510412296513,-16.740887273103,0.0
1506457569.378,-38.897921001247596,-16.35401092749089,0.0
1506457585.916,-40.8585685287253,-11.10807874146849,0.0
1506457587.521,-40.816547143796925,-9.586598706431687,0.0
1506457589.156,-41.14945738000097,-8.989129186607897,0.0
1506457590.747,-41.13280178367859,-9.784959589131176,0.0
1506457592.352,-40.270670302328654,-9.215154738165438,0.0
1506457593.977,-40.23379275662592,-9.12719454523176,0.0
1506457595.582,-38.674629607994575,-9.66442680824548,0.0
1506457597.188,-39.0256372220465,-8.775571251288056,0.0
1506457598.811,-38.21142799727386,-8.782748687081039,0.0
1506457600.4,-38.41616090282332,-8.619659796357155,0.0
1506457602.0,-37.91950805904344,-8.421667682938278,0.0
1506457603.612,-37.262598745233845,-8.378351172432303,0.0
1506457605.203,-36.62821496051038,-8.164535493589938,0.0
1506457606.795,-36.427824796934146,-7.442976926453412,0.0
1506457608.386,-35.8665685900487,-6.636790075339377,0.0
1506457610.005,-34.95921958243707,-7.3458889573812485,0.0
1506457611.611,-34.28286269545788,-7.817889369092882,0.0
1506457618.193,-33.77990604226943,-6.944673196412623,0.0
1506457619.782,-33.247887929028366,-5.958078335039318,0.0
1506457621.395,-31.72285204369109,-6.114290378987789,0.0
1506457622.98,-30.977669570886064,-5.929272932931781,0.0
1506457624.584,-30.926936236559413,-5.995271283201873,0.0
1506457626.19,-30.4255190831027,-5.340472467243671,0.0
1506457627.795,-29.5345946609159,-5.737104608677328,0.0
1506457629.401,-29.119560058636125,-5.131970982067287,0.0
1506457630.979,-28.388827040675096,-4.919385869987309,0.0
1506457632.57,-28.579197879123967,-4.590962781570852,0.0
1506457634.158,-27.898218190239277,-4.868904850445688,0.0
1506457635.735,-27.422412651532795,-4.8485087165609,0.0
1506457642.035,-27.104057403630577,-3.0115619460120797,0.0
1506457643.655,-27.472129251167644,-1.3789857560768723,0.0
1506457650.037,-27.526099472597707,-0.3518326776102185,0.0
1506457651.63,-27.939946227590553,0.5862680049613118,0.0
1506457653.207,-27.76546096272068,0.14903575461357832,0.0
1506457654.796,-27.95502394932555,-0.15445569064468145,0.0
1506457656.386,-28.037880208576098,1.663967895321548,0.0
1506457657.962,-28.321384070732165,1.7719266908243299,0.0
1506457659.539,-29.24504743667785,1.953148010186851,0.0
1506457665.829,-27.39743618539069,3.4986716704443097,0.0
1506457667.414,-26.89107117371168,3.394104953855276,0.0
1506457668.99,-26.733699653239455,3.5209933314472437,0.0
1506457670.565,-26.87313940905733,3.39539732132107,0.0
1506457672.157,-26.554122430912685,3.4164041951298714,0.0
1506457673.745,-26.13641176512465,3.4838763773441315,0.0
1506457675.336,-25.494365121703595,3.31861615087837,0.0
1506457676.93,-25.670815567136742,3.3023959612473845,0.0
1506457678.504,-25.585059181204997,3.3210128089413047,0.0
1506457680.087,-25.62033376574982,3.168768179602921,0.0
1506457681.656,-26.015165577235166,2.3432230530306697,0.0
1506457687.521,-24.442511438566726,0.9502594275400043,0.0
1506457689.097,-23.728717337187845,0.050708199851214886,0.0
1506457690.668,-23.576246494892985,-0.26590828876942396,0.0
1506457692.276,-23.326938365295064,-0.6314212484285235,0.0
1506457693.851,-22.86505175876664,-0.8195916106924415,0.0
1506457695.444,-22.59423835738562,-0.5185936996713281,0.0
1506457697.035,-8.678388650121633,2.618401998654008,0.0
1506457702.835,-22.013409934588708,-1.5303710224106908,0.0
1506457704.411,-21.917564159142785,-1.6668599462136626,0.0
1506457706.021,-21.41017388756154,-1.6871600421145558,0.0
1506457707.58,-21.194254580012057,-1.7437055530026555,0.0
1506457709.167,-21.385076697391924,-1.8321342905983329,0.0
1506457710.762,-21.087684507772792,-1.5441677430644631,0.0
1506457712.338,-20.91530804109061,-0.9459552029147744,0.0
1506457713.928,-20.42011275800178,-0.23689747508615255,0.0
1506457720.228,-19.688438648183364,0.9900990379974246,0.0
1506457721.837,-21.016260041855276,1.1638543978333473,0.0
1506457723.407,-19.958385296340566,2.6325498782098293,0.0
1506457729.7,-19.379168588668108,4.267071220092475,0.0
1506457731.287,-19.10041379975155,4.530456746928394,0.0
1506457732.879,-20.250174138811417,4.471005585975945,0.0
1506457734.438,-19.06026713200845,5.4055822575464845,0.0
1506457741.006,-18.222120944876224,7.0261267917230725,0.0
1506457742.581,-17.715161824249662,7.0479502668604255,0.0
1506457744.155,-17.99254170426866,7.295660286210477,0.0
1506457745.746,-17.683882131939754,7.129201197065413,0.0
1506457756.607,-14.522608805971686,9.23806477803737,0.0
1506457758.192,-14.348236833990086,8.258707926608622,0.0
1506457759.754,-14.099100628227461,9.016241733916104,0.0
1506457761.329,-12.835117558657657,8.989280083216727,0.0
1506457762.887,-12.447389908484183,8.941146332770586,0.0
1506457764.447,-11.692563243326731,8.830255183391273,0.0
1506457766.006,-10.986742452776525,9.262093796394765,0.0
1506457767.581,-10.240869411383756,9.195456269197166,0.0
1506457769.143,-9.530782256217208,9.026457532308996,0.0
1506457770.703,-8.811357647471596,9.23670806363225,0.0
1506457772.276,-8.049602415296249,9.094845802523196,0.0
1506457773.852,-7.7140062864637,8.603831883519888,0.0
1506457775.445,-7.354838894796558,8.485561267472804,0.0
1506457777.035,-6.803513090300839,8.694089617580175,0.0
1506457778.6,-6.374980318418238,8.258350900374353,0.0
1506457780.183,-5.87262918241322,7.715830630622804,0.0
1506457781.76,-5.394031396892387,7.371512930840254,0.0
1506457783.335,-4.790976813354064,7.2324592443183064,0.0
1506457784.908,-4.596603799436707,6.789887184277177,0.0
1506457786.501,-4.467004732287023,6.4009747644886374,0.0
1506457788.087,-4.208247632777784,5.758399047888815,0.0
1506457789.641,-3.80441833101213,5.24480261746794,0.0
1506457791.202,-3.726771450485103,5.409676213748753,0.0
1506457792.759,-8.678388650121633,2.618401998654008,0.0
1506457794.302,-3.2244848491973244,4.504631048999727,0.0
1506457800.172,-3.647237369150389,4.376133157871664,0.0
1506457801.743,-3.0435319829848595,4.35792741458863,0.0
1506457803.305,-3.1344965686439537,3.9257360193878412,0.0
1506457804.864,-3.273970677750185,3.8034659000113606,0.0
1506457806.427,-1.6438718279241584,4.0862369639799,0.0
1506457807.985,-2.403595846320968,3.9376577492803335,0.0
1506457809.529,-2.0617189098265953,4.032068028114736,0.0
1506457811.109,-2.131205211742781,3.992553955875337,0.0
1506457812.665,-1.4022462377906777,4.194032552652061,0.0
1506457814.259,-1.1810846070875414,3.994526220485568,0.0
1506457815.819,-0.7613714829785749,3.4977219328284264,0.0
1506457817.398,-0.36382564407540485,3.413103303872049,0.0
1506457818.956,0.9785946107585914,3.289383439347148,0.0
1506457820.519,1.0647502771462314,2.8080091262236238,0.0
1506457822.108,1.3329185341717675,2.260872417129576,0.0
1506457823.676,3.553436973306816,2.7159859891980886,0.0
1506457829.991,3.884701351460535,0.2504458976909518,0.0
1506457841.011,4.6673333287471905,-5.341260036453605,0.0
1506457842.587,6.3164319031639025,-5.069381945766509,0.0
1506457844.194,5.6444651876809075,-5.302426695823669,0.0
1506457845.8,6.318483876413666,-4.3476386265829206,0.0
1506457847.375,5.800976288097445,-4.446064884774387,0.0
1506457848.952,6.074736728332937,-4.709333507344127,0.0
1506457854.82,5.816201767418534,-4.364978471770883,0.0
1506457856.393,5.752388871682342,-5.14278622996062,0.0
1506457857.971,5.751976214640308,-5.2869131891056895,0.0
1506457859.562,5.401483040011954,-5.00114918500185,0.0
1506457861.134,4.230408528645057,-4.178341357037425,0.0
1506457862.71,5.010629622149281,-4.832205426879227,0.0
1506457864.288,-8.678388650121633,2.618401998654008,0.0
1506457870.276,5.020215152064338,-5.122569981962442,0.0
1506457871.85,5.926318159908988,-5.433684689924121,0.0
1506457873.428,5.297266786976252,-5.2461166838184,0.0
1506457875.003,4.752289047988597,-5.521097564138472,0.0
1506457881.291,5.337709469837137,-6.6126511273905635,0.0
1506457882.867,4.48611731705023,-10.14794649463147,0.0
1506457884.441,5.805097651842516,-8.628907856531441,0.0
1506457886.019,5.63656182779232,-8.864556451328099,0.0
1506457897.179,7.812327367486432,-10.587264028377831,0.0
1506457903.137,5.39379617391387,-14.485612493939698,0.0
1506457904.735,5.840416542312596,-14.474385933950543,0.0
1506457906.321,6.507374624081422,-14.858902961947024,0.0
1506457907.912,5.553697057417594,-16.35757018905133,0.0
1506457913.796,6.334974131139461,-15.45489797461778,0.0
1506457915.401,6.493657018872909,-15.732648973353207,0.0
1506457917.011,6.527900691260584,-15.387512288987637,0.0
1506457918.621,6.97583935665898,-16.51927642803639,0.0
1506457920.209,7.081190965895075,-16.385160950012505,0.0
1506457921.813,-8.678388650121633,2.618401998654008,0.0
1506457923.343,7.378348568221554,-16.44309220649302,0.0
1506457952.87,8.356517247913871,-22.68356517329812,0.0
1506457954.459,9.915057490754407,-22.33057603146881,0.0
1506457956.068,10.481969290587585,-21.61524207238108,0.0
1506457957.674,11.325772413343657,-23.681966767646372,0.0
1506457959.266,11.612835491076112,-23.30763333197683,0.0
1506457960.876,11.196790229063481,-24.27529971767217,0.0
1506457962.483,11.15663978853263,-24.689232342876494,0.0
1506457964.09,11.381742395402398,-25.181378572247922,0.0
1506457965.681,11.352131624531467,-25.42558187339455,0.0
1506457967.274,11.563978937279899,-25.91453796532005,0.0
1506457968.907,11.997290137165692,-26.263754811137915,0.0
1506457970.534,11.616550651553553,-26.71332636103034,0.0
1506457997.161,22.293008860433474,-28.48089996818453,0.0
1506457998.8,21.744511074968614,-30.99425289593637,0.0
1506458000.429,22.207809658779297,-30.029428924433887,0.0
1506458002.062,23.590519959514495,-31.413258535787463,0.0
1506458003.684,23.10799570317613,-31.238601138815284,0.0
1506458005.322,22.206057640200015,-32.532747832126915,0.0
1506458006.961,22.053377139323857,-32.01103512849659,0.0
1506458008.599,20.572810041718185,-33.42973210196942,0.0
1506458010.237,17.730492068629246,-34.957718876190484,0.0
1506458011.886,17.737949433503672,-36.79243576247245,0.0
1506458013.528,17.359116910549346,-38.99585039075464,0.0
1506458015.155,20.22198381193448,-37.90667302440852,0.0
1506458016.775,24.41944728285307,-35.53222251404077,0.0
1506458018.4,23.99404343048809,-36.23169420752674,0.0
1506458020.038,24.28210982080782,-35.77087720949203,0.0
1506458021.678,24.27353606268298,-36.0403636591509,0.0
1506458023.316,24.964663908351213,-36.20290702115744,0.0
1506458024.967,24.517538678017445,-38.93140574079007,0.0
1506458026.59,25.063547823636327,-37.28170617017895,0.0
1506458028.247,26.502265325572807,-35.926630700938404,0.0
1506458029.887,26.1420768336975,-36.26180169265717,0.0
1506458031.503,25.438533329113852,-37.19250087719411,0.0
1506458033.142,25.385373183584306,-36.79726210888475,0.0
1506458034.766,26.318838006060105,-35.07707645185292,0.0
1506458036.42,25.720501118397806,-34.75283043459058,0.0
1506458038.073,26.32761404447956,-34.91956021171063,0.0
1506458039.727,27.830521567550022,-34.76004622038454,0.0
1506458041.387,28.529013091756497,-32.87486304342747,0.0
1506458043.003,27.26093872456113,-33.37010609265417,0.0
1506458053.937,32.89239341398934,-29.086314351297915,0.0
1506458055.56,32.21882424456999,-30.730667875148356,0.0
1506458076.731,31.866281821741723,-25.26426635775715,0.0
1506458078.349,30.141645434952807,-25.630039433948696,0.0
1506458079.969,30.544885271636304,-25.44076773058623,0.0
1506458081.591,31.476256154070143,-25.26826041843742,0.0
1506458083.247,30.32071878988063,-24.855486071668565,0.0
1506458084.854,30.104173870873637,-26.766775424592197,0.0
1506458086.475,30.940133396885358,-24.47109789866954,0.0
1506458088.112,31.201161869161297,-22.753364400938153,0.0
1506458089.737,30.788108434469905,-23.183310656808317,0.0
1506458091.357,30.01637033856241,-23.357509185560048,0.0
1506458103.586,29.71886750642443,-21.052374948747456,0.0
1506458109.577,29.538841969741043,-19.243815389461815,0.0
1506458111.24,29.702463300258387,-18.989370708353817,0.0
1506458112.864,29.40117378399009,-18.527937496080995,0.0
1506458114.486,29.267067967972253,-18.252151750028133,0.0
1506458116.109,28.926260180363897,-17.89755233284086,0.0
1506458117.747,28.183805838169064,-17.70338383410126,0.0
1506458119.369,28.86071799491765,-18.59888170287013,0.0
1506458120.977,27.494043354236055,-17.4898289591074,0.0
1506458122.597,-10.240019012184348,42.48670816514641,0.0
1506458124.238,30.438055538746994,-19.712429118342698,0.0
1506458125.858,28.729876053344924,-17.903998001478612,0.0
1506458127.509,28.250886073336005,-17.89005642104894,0.0
1506458265.672,14.723618713906035,-9.906725441105664,0.0
1506458267.282,13.98473863635445,-9.60054906271398,0.0
1506458268.871,14.080810919811483,-9.759208711795509,0.0
1506458270.462,13.723750919627491,-9.569963057525456,0.0
1506458272.082,13.085051854257472,-9.36253794375807,0.0
1506458273.693,12.788170594081748,-9.147177319042385,0.0
1506458275.28,12.217865102284122,-9.439046763814986,0.0
1506458276.917,11.733831540448591,-9.024939860217273,0.0
1506458278.507,11.317743435618468,-8.789736148901284,0.0
1506458280.118,10.750042601954192,-8.598213529214263,0.0
1506458281.706,9.773717199568637,-8.715751317329705,0.0
1506458283.283,9.726547362224665,-9.089844926260412,0.0
1506458284.855,9.712851240183227,-8.951405660249293,0.0
1506458286.445,9.556761573825497,-8.189153944142163,0.0
1506458288.024,10.237772241584025,-6.441619495861232,0.0
1506458289.63,11.507393185514957,-1.394297600723803,0.0
1506458291.221,5.364113560295664,-11.12674816697836,0.0
1506458292.795,10.134317174030002,-6.207648222334683,0.0
1506458294.383,8.41911797953071,-6.7573618507012725,0.0
1506458295.991,8.24409634451149,-7.005271831527352,0.0
1506458297.571,7.602081103832461,-7.027368754148483,0.0
1506458299.155,6.506564000155777,-6.942138608545065,0.0
1506458300.735,5.519763412186876,-6.86688135843724,0.0
1506458302.32,5.052275364287198,-7.422662149183452,0.0
1506458303.897,4.980307988123968,-7.496569319628179,0.0
1506458305.474,4.7961459520156495,-6.852120670489967,0.0
1506458307.059,4.226840239600278,-6.135121184401214,0.0
1506458308.649,3.911675170005765,-5.333479424007237,0.0
1506458310.259,4.330967553018127,-5.789268667809665,0.0
1506458311.836,3.5239419707795605,-6.667814747430384,0.0
1506458313.407,2.698546094063204,-6.213968085125089,0.0
1506458315.0,2.5804520181845874,-6.302760032936931,0.0
1506458316.588,1.9752787881880067,-5.772378985770047,0.0
1506458318.197,1.5943384514539503,-5.464754260145128,0.0
1506458319.773,2.2863190284115262,-3.5896136881783605,0.0
1506458321.333,0.3266951639088802,-6.4633170841261744,0.0
1506458327.787,-0.8775159649085253,-5.817122460342944,0.0
1506458329.35,-0.9401038932264782,-6.253457709215581,0.0
1506458330.909,-1.6579074804321863,-6.806259780190885,0.0
1506458332.5,-1.7677616109140217,-5.671032740734518,0.0
1506458334.058,-2.2494282792904414,-5.764657721854746,0.0
1506458340.222,-3.2938580990885384,-7.347403150983155,0.0
1506458341.819,-3.949049132235814,-7.374070319347084,0.0
1506458343.389,-4.42236952384701,-7.729248111136258,0.0
1506458344.967,-4.408146908099297,-8.2878551883623,0.0
1506458346.558,-3.500226783042308,-9.329541870392859,0.0
1506458352.418,-5.659246317110956,-9.887130283750594,0.0
1506458353.984,-6.159000977873802,-10.980930847115815,0.0
1506458355.562,-6.172042014484759,-11.644029050134122,0.0
1506458367.083,-5.857762940286193,-14.110851581208408,0.0
1506458368.656,-8.678388650121633,2.618401998654008,0.0
1506458370.219,-8.678388650121633,2.618401998654008,0.0
1506458394.931,-8.678388650121633,2.618401998654008,0.0
1506458410.367,-5.127967944310512,-22.657614529132843,0.0
1506458412.003,-3.13919130229624,-23.367832927033305,0.0
1506458413.592,-5.215001511911396,-22.828127491287887,0.0
1506458434.215,-6.532647940854076,-21.526782820932567,0.0
1506458435.793,-5.692337420885451,-22.60685554333031,0.0
1506458437.403,-6.286103703896515,-22.360169076360762,0.0
1506458462.077,-2.143003973935265,-21.132594725117087,0.0
1506458463.667,-2.1716627320856787,-20.455511418171227,0.0
1506458470.081,-4.811972969269846,-21.2353227538988,0.0
1506458471.67,-5.004967780550942,-20.742847939021885,0.0
1506458473.278,-0.7160573073779233,-18.905139084905386,0.0
1506458474.869,-3.1034880140214227,-20.030471400357783,0.0
1506458476.473,-2.8743481661076657,-19.533672253601253,0.0
1506458478.065,-2.680358217621688,-19.201311381533742,0.0
1506458479.673,-3.5359239827957936,-19.1213847855106,0.0
1506458481.246,-2.9114195628790185,-17.94315867871046,0.0
1506458482.836,-0.9839281249442138,-17.74159751087427,0.0
1506458484.412,-1.0220853599021211,-17.520261090248823,0.0
1506458485.988,-0.6045912254485302,-16.878518459387124,0.0
1506458487.594,-0.8637355495593511,-16.290269812569022,0.0
1506458489.2,-1.1020335395005532,-16.72286180499941,0.0
1506458490.774,-1.3652109283721074,-15.833105366677046,0.0
1506458492.349,-1.3326292443671264,-14.956948809325695,0.0
1506458493.939,-1.6756259733228944,-14.757581900805235,0.0
1506458495.533,-1.5906929217744619,-14.935202338732779,0.0
1506458497.105,0.17559896747116,-13.472555783577263,0.0
1506458498.714,-0.16240529186325148,-12.838552196510136,0.0
1506458500.287,-0.11570517480140552,-13.156252478249371,0.0
1506458501.864,0.12775577598949894,-12.305651689879596,0.0
1506458503.452,0.5283933872706257,-12.507754125632346,0.0
1506458505.059,-0.20229418569942936,-12.724771248176694,0.0
1506458506.67,2.794218290480785,-9.74510374572128,0.0
1506458508.241,0.6461241110228002,-10.72386075090617,0.0
1506458509.848,1.6023261677473783,-9.287250853143632,0.0
1506458511.425,1.0524451331584714,-10.09775357041508,0.0
1506458513.037,1.5402890119003132,-8.947534940205514,0.0
1506458514.65,1.56304472964257,-9.509380515664816,0.0
1506458516.212,2.085442424111534,-8.966340729035437,0.0
1506458517.772,3.019774551910814,-8.16076913010329,0.0
1506458524.076,4.643515192437917,-6.612001341767609,0.0
1506458525.635,4.064061256649438,-6.932789500802755,0.0
1506458532.205,5.301733183325268,-8.724972006864846,0.0
1506458533.797,5.413576098391786,-8.85575413145125,0.0
1506458535.394,5.908989785530139,-9.182161898352206,0.0
1506458536.982,6.767012744850945,-9.317495963536203,0.0
1506458538.557,7.069477368495427,-9.15586284827441,0.0
1506458540.133,7.965766986191738,-9.707652342505753,0.0
1506458541.756,7.572902108950075,-9.434517272748053,0.0
1506458543.334,7.749819011252839,-10.47814928367734,0.0
1506458544.94,7.05089845781913,-11.768000541254878,0.0
1506458546.518,4.589231868390925,-19.015981729142368,0.0
1506458557.111,7.403363092860673,-15.104711825959384,0.0
1506458558.703,7.523832899867557,-16.723195686005056,0.0
1506458560.297,7.394289364863653,-16.43184256274253,0.0
1506458561.873,7.854348561377265,-16.34952570591122,0.0
1506458563.463,7.2839563094312325,-17.001703176647425,0.0
1506458565.035,8.96655679109972,-16.404651815071702,0.0
1506458566.612,5.741113785712514,-17.504197815433145,0.0
1506458568.192,6.781574233144056,-17.47025904711336,0.0
1506458569.785,8.094271715090144,-17.08985462319106,0.0
1506458571.372,8.305580227053724,-17.249551155604422,0.0
1506458572.964,7.349615296174306,-17.695037041790783,0.0
1506458578.862,8.367737648950424,-18.33870409335941,0.0
1506458580.466,8.293983774085063,-18.422607268206775,0.0
1506458582.048,8.210461934504565,-19.304828722029924,0.0
1506458587.945,9.860244978161063,-19.376621397212148,0.0
1506458589.555,11.702110788028222,-17.36221048887819,0.0
1506458595.359,10.775742649973836,-21.896044007502496,0.0
1506458596.951,10.976685633417219,-22.058064029552042,0.0
1506458598.573,15.506323608511593,-18.088205908425152,0.0
1506458600.21,13.791329096071422,-19.76429119426757,0.0
1506458601.804,11.009555869444739,-23.146408318541944,0.0
1506458603.395,11.7808268131339,-22.465566284023225,0.0
1506458605.021,11.70202478178544,-25.00736807938665,0.0
1506458606.642,10.149044478486758,-26.087565508671105,0.0
1506458608.234,8.42433279735269,-29.48878962546587,0.0
1506458609.843,10.896870313270483,-29.388076941482723,0.0
1506458616.13,15.43903676327318,-25.719639405608177,0.0
1506458622.21,15.701934700657148,-26.305632713250816,0.0
1506458623.823,16.371658664138522,-26.591453383676708,0.0
1506458625.425,15.094660563510843,-27.22980342619121,0.0
1506458627.034,16.703019397507887,-25.56257091742009,0.0
1506458628.656,16.889590232807677,-25.796799617819488,0.0
1506458630.296,17.827735848899465,-26.931303977034986,0.0
1506458631.889,18.8417589928722,-25.607184409163892,0.0
1506458652.084,21.50232285639504,-23.300579489208758,0.0
1506458653.682,22.971040234318934,-21.1857804460451,0.0
1506458655.326,23.369203375070356,-20.593016817234457,0.0
1506458661.221,21.495220297249034,-21.408209935761988,0.0
1506458662.853,21.224560219037812,-20.433164617978036,0.0
1506458664.474,20.130439069180284,-20.576297860592604,0.0
1506458666.115,19.88971287093591,-19.66524691414088,0.0
1506458667.734,19.883568842953537,-18.143152092583477,0.0
1506458669.355,21.508069776871707,-17.22186739835888,0.0
1506458670.963,22.247819342534058,-16.783031751401722,0.0
1506458672.583,20.575997582112905,-16.68042095657438,0.0
1506458674.19,19.41710133937886,-17.323104028590024,0.0
1506458675.812,18.37369628617307,-17.25396848190576,0.0
1506458677.402,18.376760580344126,-17.09207618702203,0.0
1506458679.023,17.507216896570753,-15.739576418884099,0.0
1506458680.615,17.307385409018025,-15.224998514167964,0.0
1506458682.206,18.028692207939457,-13.723169165663421,0.0
1506458689.346,16.943770028825384,-11.536963478662074,0.0
1506458690.968,15.868920591427013,-12.270802957005799,0.0
1506458692.556,15.155248873925302,-12.212702866643667,0.0
1506458694.165,14.879083936510142,-11.62241090927273,0.0
1506458695.755,15.165452906512655,-11.272474703378975,0.0
1506458697.359,14.961741545936093,-10.74795885104686,0.0
1506458698.966,14.22856385965133,-10.353033141233027,0.0
1506458700.558,13.761123700300232,-10.268021201714873,0.0
1506458702.176,13.98466243717121,-9.961965304799378,0.0
1506458703.785,13.569865457888227,-9.483956911601126,0.0
1506458710.098,12.117221848515328,-8.09641028009355,0.0
1506458716.208,9.50776886404492,-4.97350156493485,0.0
1506458722.187,8.422356381837744,-6.428063669241965,0.0
1506458732.602,7.697537742671557,-0.8557208012789488,0.0
1506458743.032,4.014264021301642,-0.22715790290385485,0.0
1506458744.61,3.975512537988834,-0.13221210706979036,0.0
1506458746.198,3.4591329483664595,0.39686128590255976,0.0
1506458747.761,2.9300905629061162,1.51670815423131,0.0
1506458749.348,3.428172138519585,3.0506197130307555,0.0
1506458750.912,4.559617042716127,4.34490155056119,0.0
1506458752.468,3.7299620836856775,4.661233781836927,0.0
1506458754.076,1.0120962067157961,2.9693306861445308,0.0
1506458755.664,0.9773757181828842,2.6707518324255943,0.0
1506458757.257,0.19725970801664516,2.3922534650191665,0.0
1506458758.843,-0.575772505661007,2.4364407984539866,0.0
1506458760.435,-1.1352568203001283,2.7477796860039234,0.0
1506458762.01,-1.3716609123512171,3.144467162899673,0.0
1506458763.569,-1.9656594204134308,3.2292906241491437,0.0
1506458765.131,-2.68908458185615,3.2252059560269117,0.0
1506458766.689,-3.5161147076869383,3.377486298792064,0.0
1506458768.281,-3.9948957951855846,3.6475235614925623,0.0
1506458769.841,-3.891224898688961,4.4989096987992525,0.0
1506458771.396,-4.184408727043774,4.168858605436981,0.0
1506458772.974,-4.838546278944705,3.947082187049091,0.0
1506458774.549,-4.351230050728191,4.319032891653478,0.0
1506458776.14,-4.884018330019899,4.23707911837846,0.0
1506458777.699,-4.792324976646341,4.137132507748902,0.0
1506458779.291,-4.5768146647606045,4.673702948726714,0.0
1506458780.852,-5.420501168409828,4.884570245631039,0.0
1506458782.425,-6.153881215141155,4.930271998979151,0.0
1506458788.291,-7.431939234200399,6.05464035179466,0.0
1506458789.849,-7.852183929353487,5.58914249856025,0.0
1506458791.443,-7.860878568433691,6.069093010388315,0.0
1506458793.021,-7.940611233469099,6.2922207694500685,0.0
1506458794.58,-8.032332833041437,6.118333863094449,0.0
1506458796.139,-8.109205617220141,5.970097706653178,0.0
1506458797.684,-8.119249011215288,5.5675597889348865,0.0
1506458799.243,-8.22723526484333,5.690620827488601,0.0
1506458800.819,-8.220181755372323,5.647456265985966,0.0
1506458802.378,-8.231150862004142,5.611867527477443,0.0
1506458808.233,-8.298456797667313,5.359517551027238,0.0
1506458814.138,-8.890335993142799,5.606223247945309,0.0
1506458815.717,-9.128371194761712,5.24015196878463,0.0
1506458817.278,-9.413909968512598,6.007729128934443,0.0
1506458818.838,-9.481581088388339,5.698834942653775,0.0
1506458820.396,-9.454979601199739,5.6835865480825305,0.0
1506458821.982,-9.70541706221411,5.882792792282999,0.0
1506458823.536,-9.979040111822542,6.224775608628988,0.0
1506458825.094,-10.144275299506262,6.035723297856748,0.0
1506458826.652,-10.43770933849737,6.283269051462412,0.0
1506458828.214,-10.603836254391354,6.457840355113149,0.0
1506458829.812,-11.044613750244025,6.798110724426806,0.0
1506458831.381,-11.429848876607139,6.879529152996838,0.0
1506458832.969,-11.415819525253028,6.892976515926421,0.0
1506458834.52,-11.916344339144416,7.165007934905589,0.0
1506458836.079,-12.570997186296154,7.362290325574577,0.0
1506458837.639,-12.900856691936497,7.385518277063966,0.0
1506458839.186,-13.217279168835375,7.38781978096813,0.0
1506458840.748,-14.024236610450316,8.254266816191375,0.0
1506458842.322,-14.074604715278838,8.376809448935091,0.0
1506458857.492,-21.446440470346715,6.6460890006273985,0.0
1506458859.052,-20.966812080703676,6.016862991265953,0.0
1506458860.628,-21.038398352859076,5.629215412773192,0.0
1506458862.204,-21.682680216094013,4.906435181386769,0.0
1506458868.069,-22.07565765432082,2.240572621114552,0.0
1506458874.079,-22.10165996773867,0.81459965929389,0.0
1506458875.691,-21.848573214607313,-0.10408423934131861,0.0
1506458877.258,-21.940161626960617,-0.47530721966177225,0.0
1506458878.822,-22.056668908626307,-0.9033259721472859,0.0
1506458880.411,-22.367120443028398,-1.6681400537490845,0.0
1506458882.004,-22.611769485811237,-2.8635395551100373,0.0
1506458883.623,-22.9504852174432,-3.082085440866649,0.0
1506458885.2,-22.92308700561989,-3.08291336055845,0.0
1506458886.794,-23.728493552305736,-2.6443848898634315,0.0
1506458902.724,-23.916582875710446,-7.6085691303014755,0.0
1506458904.298,-24.29496379516786,-7.919538305141032,0.0
1506458905.91,-24.731664034246933,-8.622453731484711,0.0
1506458907.485,-25.003614607732743,-8.904616543091834,0.0
1506458909.093,-25.375261556881014,-9.319728600792587,0.0
1506458910.667,-25.039596358081326,-8.526940151117742,0.0
1506458912.244,-25.19321520300582,-10.0340425549075,0.0
1506458913.852,-25.763456468761433,-10.608615824021399,0.0
1506458915.427,-25.377514628809877,-11.219954719766974,0.0
1506458917.004,-25.313336297345813,-11.492021736688912,0.0
1506458918.612,-25.705360160849523,-11.854128039442003,0.0
1506458920.205,-26.561478798277676,-12.734288266859949,0.0
1506458921.795,-26.625623083964456,-12.465546819381416,0.0
1506458923.403,-27.041084177268203,-12.752506034448743,0.0
1506458924.993,-27.43212454969762,-12.841877740807831,0.0
1506458926.602,-27.533769700850826,-13.153337457217276,0.0
1506458928.179,-28.61248102982063,-13.694318554364145,0.0
1506458929.787,-29.32355024962453,-12.507602880708873,0.0
1506458931.394,-29.93553018075181,-12.695689911022782,0.0
1506458933.018,-30.144510904327035,-13.408467271365225,0.0
1506458934.595,-30.69002605951391,-13.262173709459603,0.0
1506458936.187,-31.623834489902947,-12.920304297469556,0.0
1506458937.811,-32.23336247866973,-13.439848678186536,0.0
1506458939.418,-33.35181650752202,-14.618703552521765,0.0
1506458941.011,-33.449444075580686,-14.2161602107808,0.0
1506458942.603,-33.20197624369757,-13.75686617847532,0.0
1506458944.211,-34.08049937657779,-14.754772118292749,0.0
1506458945.816,-34.970285414601676,-15.022202043794096,0.0
1506458947.44,-35.623014904675074,-14.183000865392387,0.0
1506458949.033,-36.85415201005526,-15.794270447455347,0.0
1506458950.635,-35.81539328279905,-16.147258946672082,0.0
1506458952.245,-36.76626027125167,-15.984055299311876,0.0
1506458953.836,-36.554638059285935,-15.805613552220166,0.0
1506458955.43,-36.034093399881385,-16.37233594339341,0.0
1506458976.321,-41.38564930006396,-9.442764685489237,0.0
1506458977.95,-40.580082574044354,-9.159567705355585,0.0
1506458984.736,-38.05871671892237,-9.030627043917775,0.0
1506458986.345,-36.58093395549804,-9.183996655978262,0.0
1506458987.932,-35.51401601737598,-8.32163096126169,0.0
1506458989.523,-36.067452333227266,-6.941506330855191,0.0
1506458991.116,-35.707332878548186,-6.599682007916272,0.0
1506458992.737,-35.50716788315913,-6.409162693656981,0.0
1506458994.326,-34.841327427653596,-6.407883015461266,0.0
1506458995.916,-34.51977166417055,-5.620781997218728,0.0
1506458997.508,-33.719883877027314,-4.783325485885143,0.0
1506458999.096,-33.203592189296614,-3.9210590766742826,0.0
1506459000.689,-33.155760466936044,-2.6899823723360896,0.0
1506459002.294,-32.73527215537615,-2.5249214274808764,0.0
1506459003.898,-31.11599956091959,-2.4761788370087743,0.0
1506459005.474,-30.282929959590547,-2.756996897049248,0.0
1506459007.094,-30.456516354577616,-1.6700944593176246,0.0
1506459008.715,-30.320669223729055,-0.7330132545903325,0.0
1506459014.612,-28.46605703647947,0.40571275260299444,0.0
1506459016.213,-27.80863220524043,2.518858320079744,0.0
1506459017.807,-26.91021232516505,1.9438122538849711,0.0
1506459019.381,-26.663538843684364,2.4807025101035833,0.0
1506459020.957,-25.798567406542134,3.326585652306676,0.0
1506459022.529,-25.5658713724697,3.568435350432992,0.0
1506459024.107,-24.812706519674975,3.435355421155691,0.0
1506459025.669,-24.149062535201665,3.3745282273739576,0.0
1506459027.277,-23.68936982221203,5.151947953738272,0.0
1506459033.134,-21.19628326909151,6.658629736863077,0.0
1506459034.712,-20.75405834353296,7.652064329944551,0.0
1506459036.301,-20.02755087800324,8.185001452453434,0.0
1506459037.89,-19.88474233454326,8.350542788393795,0.0
1506459043.744,-19.769900517130736,10.969210141338408,0.0
1506459049.759,-15.619941488781478,9.684689507819712,0.0
1506459051.327,-15.846446517680306,10.129149456508458,0.0
1506459052.893,-15.53621006658068,9.71658915746957,0.0
1506459054.487,-14.851323867973406,9.610524878837168,0.0
1506459056.068,-14.195853866287507,9.88663877081126,0.0
1506459057.637,-13.124169440299738,9.915356171317399,0.0
1506459059.196,-12.809886622533668,9.292196322232485,0.0
1506459060.754,-11.960291261319071,9.242142437957227,0.0
1506459062.361,-11.654436182114296,8.796278049238026,0.0
1506459063.917,-11.055117642390542,9.021927846595645,0.0
1506459065.476,-9.921190790773835,8.13776612561196,0.0
1506459067.067,-9.26564808411058,7.484843100421131,0.0
1506459068.646,-8.465150881442241,7.341160490177572,0.0
1506459070.204,-7.816309793328401,6.697037815116346,0.0
1506459071.777,-6.425260867283214,7.634782142005861,0.0
1506459073.337,-6.412716070422903,5.672624153085053,0.0
1506459074.896,-5.489438945252914,5.529090452007949,0.0
1506459076.474,-5.288653907482512,4.829380434937775,0.0
1506459078.036,-4.930567091447301,4.171192723326385,0.0
1506459079.612,-3.9400181667297147,4.28333439771086,0.0
1506459081.188,-3.1603447079542093,3.498646209947765,0.0
1506459082.749,-3.1604279362945817,3.322372163645923,0.0
1506459084.308,-3.098159718385432,3.1445195619016886,0.0
1506459085.868,-2.0234479682403617,3.24643683899194,0.0
1506459087.428,-1.9361472193268128,3.114294749684632,0.0
1506459089.034,-1.9569764101761393,2.7504486329853535,0.0
1506459090.627,-1.6603556611808017,2.5605843840166926,0.0
1506459092.2,-0.8790435884729959,2.3535123942419887,0.0
1506459093.763,-0.4864694728748873,2.8464424200356007,0.0
